tweet_id,name,text,created_at,favourite_count,hashtags
1454100784447164422,CNN,"The home of ""The Real Housewives of Beverly Hills"" star Dorit Kemsley was robbed Wednesday night. https://t.co/slsWxxk9ip",2021-10-29 15:00:17+00:00,6,[]
1454096961313943557,CNN,"Rep. Adam Kinzinger, a Republican from Illinois who has been a strong critic of former President Donald Trump, announced in a video Friday morning he is not running for reelection. https://t.co/nAMabVHscI",2021-10-29 14:45:06+00:00,124,[]
1454094012588204044,CNN,"When President Joe Biden arrived at the Vatican on Friday to meet Pope Francis, he brought with him 10 of his closest advisers -- including his doctor. https://t.co/BlpdNk2qDL",2021-10-29 14:33:23+00:00,379,[]
1454091167273037829,CNN,"It's been nearly two weeks since jury selection began in the trial of the three men charged with killing Ahmaud Arbery, and of the thousand people summoned for jury duty, less than half have turned up. https://t.co/3evUVd3iHq",2021-10-29 14:22:04+00:00,101,[]
1454085702594056193,CNN,"This year, Lonely Planet highlighted its top 10 cities, regions and countries -- see the lists here https://t.co/qWRk0NHBwl",2021-10-29 14:00:21+00:00,106,[]
1454083856689139730,CNN,"President Joe Biden to Pope Francis: ‚ÄúYou are the most significant warrior for peace I‚Äôve ever met.‚Äù

POTUS met the pontiff at the Vatican, gifting him a military coin and cracking some jokes. https://t.co/uETNyZHCCs https://t.co/PKJRVwimwx",2021-10-29 13:53:01+00:00,1528,[]
1454083116461608961,CNN,"From the CNN 5 Things podcast, these are this morning‚Äôs top stories:
‚úîÔ∏è Biden and Pope Francis meet, discuss climate and immigration
‚úîÔ∏è Passenger punched American Airlines attendant during flight
‚úîÔ∏è Countries condemn Israel's West Bank housing plans

https://t.co/XglXgdOgQc",2021-10-29 13:50:05+00:00,65,[]
1454082362409639938,CNN,"Indian actor Puneeth Rajkumar has died aged 46 after suffering cardiac arrest on Friday, according to Vikram Hospital in Bangalore https://t.co/mbxFp1QHMQ",2021-10-29 13:47:05+00:00,130,[]
1454075834806030340,CNN,"Why Chinese influencers are flocking to a Costco in Shanghai (and no, it's not for the discounts) | Analysis by @Nectar_Gan &amp; @steve0george https://t.co/umWfsxCKKE https://t.co/lhho5Dw9pF",2021-10-29 13:21:09+00:00,104,[]
1454074317407465473,CNN,"Princess Diana faced unfair and untrue accusations about her mental health due to her eating disorder. See how she stood up for herself in a new episode of the CNN Original Series #DianaCNN, Sunday at 9 p.m. ET/PT https://t.co/RYIVwe337K",2021-10-29 13:15:07+00:00,267,"[{'text': 'DianaCNN', 'indices': [180, 189]}]"
1454068995544518659,CNN,They all found unique ways to make the world a better place. Only one will be named CNN Hero of the Year. Meet 2021‚Äôs Top 10 #CNNHeroes. Be inspired and help decide who will be the next CNN Hero of the Year. Vote now at https://t.co/ANMKKlbytz. https://t.co/oKvpi3rgP7,2021-10-29 12:53:58+00:00,79,"[{'text': 'CNNHeroes', 'indices': [125, 135]}]"
1454067296872374276,CNN,"US President Biden met the Pope at the Vatican, marking the start of his second major foreign trip.

The meeting lasted 90 minutes, the White House said. https://t.co/4nqkFAWlTL https://t.co/EwIL7mbvwv",2021-10-29 12:47:13+00:00,1096,[]
1454062489369460745,CNN,"A new study sheds light on the association of a lack of shut-eye and your gait -- thus potentially affecting your ability to walk purposely, avoid obstacles and keep your balance. https://t.co/X3jpPTdxOn",2021-10-29 12:28:07+00:00,151,[]
1454056432245133317,CNN,"The gun supervisor for the film ""Rust,"" on which a crew member was killed after a gun held by actor Alec Baldwin went off during rehearsal, has no idea where the real bullet came from, she says. https://t.co/bVFhyhCc4J",2021-10-29 12:04:03+00:00,187,[]
1454052157251072002,CNN,"A powerful storm in the Washington DC-Baltimore area could cause significant tidal flooding over the next two days, according to forecasters. https://t.co/p6ok1pYoyk",2021-10-29 11:47:03+00:00,131,[]
1454047915043917824,CNN,China is the world‚Äôs biggest emitter right now but America has put more carbon into the atmosphere over time. Here‚Äôs how the two stack up on climate. https://t.co/i6QozNEIHd,2021-10-29 11:30:12+00:00,230,[]
1454043854865412096,CNN,President Joe Biden on Friday will meet with Italy's President and Prime Minister in Rome on the first day of his second major foreign trip since taking office. https://t.co/6uFT6pFulD,2021-10-29 11:14:04+00:00,330,[]
1454040363484733444,CNN,E-cigarettes could be prescribed by England's National Health Service under plans to cut smoking rates in the country https://t.co/Z4AF1turB7,2021-10-29 11:00:12+00:00,179,[]
1454035052489318410,CNN,The two newest Supreme Court justices could redraw the road map for the Second Amendment in courts https://t.co/B677GZJ8Wz https://t.co/4B7LqRYMYc,2021-10-29 10:39:05+00:00,277,[]
1454030263093235717,CNN,"President Biden is set to meet with French President Macron on Friday in Rome, their first in-person meeting following last month's major diplomatic dust-up over an agreement for the US and UK to provide Australia with nuclear-powered submarines. https://t.co/MiHfdT6kE8",2021-10-29 10:20:03+00:00,210,[]
1454026927145107460,CNN,JUST IN: President Biden has arrived at the Vatican for a highly symbolic meeting with Pope Francis. https://t.co/AtW2QN5VIX,2021-10-29 10:06:48+00:00,878,[]
1454025748235309058,CNN,"Made entirely from organic materials and run on renewable energy, this three-story house is completely zero-waste, and provides fertile ground for cultivating produce. https://t.co/KdQfx6X8Id",2021-10-29 10:02:07+00:00,295,[]
1454019939275259905,CNN,"""Now, just as we're waking up to ways Facebook has knowingly eroded our social, mental and civic well-being, Zuckerberg is back with a new offering: a way out. ... Going meta is Facebook's escape hatch,"" @rushkoff writes for @CNNOpinion https://t.co/uR5nlAz7Tr",2021-10-29 09:39:02+00:00,234,[]
1454015180812267521,CNN,What's the metaverse? Just a distraction from Facebook's real-life hellscape | Analysis by @allisondmorrow https://t.co/dEGaUD0KHl https://t.co/vBxV7jAPMP,2021-10-29 09:20:08+00:00,880,[]
1454012665844666377,CNN,President Biden is kicking off his second major foreign trip with an audience with Pope Francis at the Vatican today. https://t.co/SQvzDZSYOW,2021-10-29 09:10:08+00:00,338,[]
1454010174889463810,CNN,"This year, Lonely Planet highlighted its top 10 cities, regions and countries -- see the lists here https://t.co/OneDL7G1sh",2021-10-29 09:00:14+00:00,113,[]
1454004837314617347,CNN,"It's been nearly two weeks since jury selection began in the trial of the three men charged with killing Ahmaud Arbery, and of the thousand people summoned for jury duty, less than half have turned up. https://t.co/hm1iyTSkdM",2021-10-29 08:39:01+00:00,133,[]
1454000335303987200,CNN,"Why Chinese influencers are flocking to a Costco in Shanghai (and no, it's not for the discounts) | Analysis by @Nectar_Gan &amp; @steve0george https://t.co/cjj0hrcJ02 https://t.co/uQ8X18ZQcj",2021-10-29 08:21:08+00:00,96,[]
1453995037893726210,CNN,China is the world‚Äôs biggest emitter right now but America has put more carbon into the atmosphere over time. Here‚Äôs how the two stack up on climate. https://t.co/jr809dkmJP,2021-10-29 08:00:05+00:00,163,[]
1453990755253596160,CNN,"The home of ""The Real Housewives of Beverly Hills"" star Dorit Kemsley was robbed Wednesday night. https://t.co/VGaUetKZAJ",2021-10-29 07:43:04+00:00,112,[]
1453986076088012805,CNN,"Hours after the US Supreme Court vacated a ruling that granted a stay of execution for death row inmate John Grant, a witness to the execution on Thursday said Grant convulsed and vomited after the first drug, Midazolam, was administered. https://t.co/kNPCidNcGb",2021-10-29 07:24:28+00:00,145,[]
1453982378649587718,CNN,Indian police have arrested three Kashmiri Muslims for allegedly celebrating Pakistan's win over India in the T20 World Cup on Sunday. https://t.co/fZGJQWcwvg,2021-10-29 07:09:47+00:00,1541,[]
1453965103938736132,CNN,"A Philippines-based startup is offering an affordable alternative to polystyrene coolers that it says is better for the environment, and for food producers working within tight profit margins. https://t.co/JpOYzAMOvz",2021-10-29 06:01:08+00:00,221,[]
1453964576949637128,CNN,"Home to several photography ""hides,"" South Africa's Zimanga reserve, run by Charl Senekal, is now considered one of the continent's foremost destinations for wildlife photographers. https://t.co/tplu2Mcg2J",2021-10-29 05:59:03+00:00,175,[]
1453962621636415490,CNN,"""Now, just as we're waking up to ways Facebook has knowingly eroded our social, mental and civic well-being, Zuckerberg is back with a new offering: a way out. ... Going meta is Facebook's escape hatch,"" @rushkoff writes for @CNNOpinion https://t.co/kIiWPYJSTh",2021-10-29 05:51:16+00:00,291,[]
1453959803571621890,CNN,"China's emissions today are more than double those of the US, but no country has historically put more greenhouse gases in the atmosphere than the US. https://t.co/zeh1FFDQtZ",2021-10-29 05:40:05+00:00,205,[]
1453959051268669446,CNN,"""The Great Red Spot is as deep within Jupiter as the International Space Station is high above our heads,"" according to a scientist at the NASA Jet Propulsion Laboratory https://t.co/kDT6mTbT8v",2021-10-29 05:37:05+00:00,242,[]
1453957548168531975,CNN,"From Bela Lugosi's definitive Dracula to the Staten Island-dwelling nitwits of the FX series ""What We Do in the Shadows,"" these are the most influential, deeply entertaining and, yes, sparkliest vampires we've seen onscreen. https://t.co/742b2LxnNR",2021-10-29 05:31:07+00:00,132,[]
1453953475004436484,CNN,"Florida Gov. Ron DeSantis announced that the state has officially filed a new lawsuit in Tampa against the Biden administration over the President's order imposing a vaccine mandate on federal contractors, set to take effect December 8. https://t.co/MXrvJMLKfi",2021-10-29 05:14:56+00:00,631,[]
1453950002905055233,CNN,"Ellidy Pullin, the partner of Australian Olympic snowboarder Alex ""Chumpy"" Pullin, has given birth to their daughter 15 months after his death last year. https://t.co/wEOBL5HzhI",2021-10-29 05:01:08+00:00,435,[]
1453948485762314246,CNN,New Zealand said it would begin easing Covid-19 restrictions that have been in place on its national borders since March 2020. https://t.co/QQc2tdzsh9,2021-10-29 04:55:06+00:00,154,[]
1453946979864625160,CNN,"A Texas Republican lawmaker has launched an inquiry to identify books at public school libraries and classrooms on the subjects of race or sex that might ""make students feel discomfort."" https://t.co/OYDLFDGdY7",2021-10-29 04:49:07+00:00,208,[]
1453945710655668228,CNN,"""No amount of corporate re-branding should let Zuck or anyone else off the hook for the real, tangible harms their product has manifested and continues to propagate without consequence,"" writes @allisondmorrow | Analysis https://t.co/3l7sLd1VQb",2021-10-29 04:44:05+00:00,680,[]
1453945205900513288,CNN,"President Biden has announced the appointment of Sara Minkara as the US special adviser on international disability rights, filling a role that was created by former President Barack Obama and left vacant during the Trump administration.  https://t.co/qv8kFziEZL",2021-10-29 04:42:04+00:00,310,[]
1453943689600897030,CNN,"if you were to judge Rupert Murdoch by the content featured in his most prominent media organizations this week, you would be forgiven if you were to arrive at the conclusion that he subscribes to such conspiratorial views. https://t.co/jv0vFoz7q6",2021-10-29 04:36:03+00:00,167,[]
1453942447927562247,CNN,A first-of-its-kind treatment partially restored a blind patient's vision by combining gene therapy with specialized goggles. https://t.co/XwYI5gAbkA https://t.co/c8o0HZmf2y,2021-10-29 04:31:07+00:00,197,[]
1453940184551100416,CNN,Amazon and Apple reported revenue results on Thursday that fell short of Wall Street analysts' expectations and warned that supply chain issues could weigh on business in the December quarter. https://t.co/tqvoGGAblL,2021-10-29 04:22:07+00:00,78,[]
1453939938089598977,CNN,Whole Foods shoppers may have received a shock this week if they noticed a new $9.95 delivery fee on orders placed through Amazon Prime. Walmart didn't waste any time trolling its retail rival. https://t.co/4OwXDflQP8,2021-10-29 04:21:08+00:00,123,[]
1453939685487562759,CNN,"Former Justice Department official Jeffrey Clark will not testify Friday before the House select committee investigating the January 6 insurrection, according to a committee aide and a source with knowledge of the matter. https://t.co/AMd6iI479x",2021-10-29 04:20:08+00:00,90,[]
1453939171177816064,CNN,"""New Hampshire Gov. Chris Sununu said recently that he would make a decision on whether to run for Senate in 2022 'in the next few weeks.' That decision has implications well beyond the Granite State,"" writes @ChrisCillizza | Analysis https://t.co/L2D6vNxAXi",2021-10-29 04:18:05+00:00,69,[]
1453938911156207617,CNN,"""Dangerous falsehoods, spreading like an invasive species, are emerging as a great challenge to society in 2021,"" writes @zbyronwolf | Analysis https://t.co/JfV3SidO6a",2021-10-29 04:17:03+00:00,151,[]
1453938424935698437,CNN,"A close-up of a gull's eye is the overall winner of this year's British Ecological Society photography competition.

Here's a look at some of the mesmerizing images. https://t.co/FuH7JDhcCS https://t.co/MSo9kycZof",2021-10-29 04:15:08+00:00,278,[]
1453937150584442892,CNN,"Sen. Mitt Romney laced up his boots and put on his best Ted Lasso for Halloween, fake mustache and all.

Completing the look was Romney-as-Ted paying a visit to Sen. Kyrsten Sinema for ""biscuits with the boss."" https://t.co/sBK2MM1S2G",2021-10-29 04:10:04+00:00,173,[]
1453934910838743045,CNN,"Already massively wealthy, America's billionaires saw their collective fortunes soar more than 70% to more than $5 trillion during the pandemic. https://t.co/rrAaqSOAKQ",2021-10-29 04:01:10+00:00,538,[]
1453934124599848963,CNN,"""We believe Facebook has a responsibility to make sure its products do no harm, and until they do, Patagonia will continue to withhold our advertising,"" Patagonia CEO Ryan Gellert said in a statement https://t.co/orixSezOe4",2021-10-29 03:58:02+00:00,3035,[]
1453933877035245568,CNN,The US Department of Education has filed a complaint against Florida's Education Department for its decision to reduce funding for certain school districts amid an ongoing battle over school mask mandate policies. https://t.co/eaeUq3UTSP,2021-10-29 03:57:03+00:00,311,[]
1453931849248649217,CNN,"Sen. Mitt Romney wore a Ted Lasso costume and trolled Democrats with a message calling Sen. Kyrsten Sinema ""the boss"" for her role in the infrastructure bill negotiation. https://t.co/8WfhqcxIkW https://t.co/GR1bU9AiqF",2021-10-29 03:49:00+00:00,201,[]
1453926326969249795,CNN,After Team Canada's six-year Lululemon partnership announcement ‚Äî which also included the unveiling of the 2022 Olympic and Paralympic opening and closing ceremony uniforms ‚Äî Ralph Lauren has released what US athletes will wear for their closing looks. https://t.co/5RKhlPOarV,2021-10-29 03:27:03+00:00,117,[]
1453923284492472321,CNN,"The photos include images of a red snail feeding on a fungus in India, a recently discovered bug that lives in caves in Spain, and a green lynx spider with a bumblebee it has just caught. https://t.co/KRKpQzw1H6",2021-10-29 03:14:58+00:00,122,[]
1453922887811747840,CNN,"RT @DonLemonTonight: ‚ÄúWatching George Floyd call for his mom just broke my heart.‚Äù
 
Jurors from the Derek Chauvin murder trial speak exclu‚Ä¶",2021-10-29 03:13:23+00:00,0,[]
1453918535659425794,CNN,"""For a political party, controlling the White House and Congress isn't the picnic it's made out to be. ... Those ambitions often run into a harsh reality, as the frustrating last few months for the Democrats demonstrate,"" writes @julianzelizer, @CNNOpinion https://t.co/7bwXoSC1Ew",2021-10-29 02:56:06+00:00,144,[]
1453914765022085127,CNN,Folks are flipping their wigs over this homemade Marge Simpson wig for Halloween. CNN's Jeanne Moos reports. https://t.co/IqtpP2jxYZ https://t.co/pRJE7zbshi,2021-10-29 02:41:07+00:00,476,[]
1453911103210237952,CNN,"Former Republican Virginia Gov. A. Linwood Holton Jr. has died at 98, according to a tweet from his son-in-law Sen. Tim Kaine https://t.co/vP0X8PZyoT",2021-10-29 02:26:34+00:00,123,[]
1453906589723860993,CNN,"A US Securities and Exchange Commission insider trading investigation into stock trades made by Sen. Richard Burr and his brother-in-law at the outset of the pandemic remains open, the SEC said in court filings made public this week. https://t.co/UOV21uImRm",2021-10-29 02:08:37+00:00,363,[]
1453902051788853248,CNN,"President Biden saw the number of Senate-confirmed members of his Justice Department leadership team nearly double Thursday, with the upper chamber approving four nominees to critical positions. https://t.co/kHzQE5YvzJ",2021-10-29 01:50:35+00:00,207,[]
1453898012238008323,CNN,"A January 6 rioter who downplayed the insurrection in a Fox News interview one day after she was sentenced to probation for storming the Capitol was ""played by Laura Ingraham"" and manipulated into whitewashing the attack, her lawyer said https://t.co/c95WZCXcz4",2021-10-29 01:34:32+00:00,254,[]
1453894731725946887,CNN,"A Russian man accused of being part of cybercrime ring that infected millions of computers worldwide was arraigned in federal court in Ohio on Thursday after being extradited from South Korea, the Justice Department has announced. https://t.co/cLKA1JXNrw",2021-10-29 01:21:30+00:00,249,[]
1453890947469750273,CNN,"News of Facebook's new company name, Meta, quickly attracted the scorn of the internet. https://t.co/tBheEccYE0",2021-10-29 01:06:28+00:00,973,[]
1453887023736139778,CNN,"After spotting a beach wedding in Santa Monica, California, actor Tom Hanks decided to congratulate the newlyweds. https://t.co/6M6XiR7YLQ https://t.co/ynM22wiqiH",2021-10-29 00:50:53+00:00,1746,[]
1453883777327980552,CNN,"Waiting for the wild housing market to calm down before buying a place? Don't bother, said Barbara Corcoran, the founder of the Corcoran Group real estate firm and star of ""Shark Tank.""

""I don't think it is wise to wait,"" she said. https://t.co/7JS9EExGKF",2021-10-29 00:37:59+00:00,114,[]
1453880377056059408,CNN,"Native groups and advocates are demanding that the Atlanta Braves eliminate the ""Tomahawk chop"" from its branding and game day traditions, saying the team is perpetuating racist stereotypes as the Braves take the national stage in the World Series https://t.co/b1IJTt7o8g",2021-10-29 00:24:28+00:00,513,[]
1453877028193767424,CNN,A first-of-its-kind treatment partially restored a blind patient's vision by combining gene therapy with specialized goggles. https://t.co/F5KDgiFUjI https://t.co/tBShsCRGVW,2021-10-29 00:11:09+00:00,190,[]
1453874488165142531,CNN,"Facebook is changing its corporate name to Meta as it shifts its focus to the ""metaverse"" and confronts wide-ranging scrutiny of the real-world harms from its various platforms after a whistleblower leaked hundreds of internal documents. https://t.co/eeC6kvGts4 https://t.co/hjfk8ai1Oi",2021-10-29 00:01:04+00:00,591,[]
1453871729856716800,CNN,"‚ÄúSome of us have to actually live in the future that you all are setting on fire for us.‚Äù

Rep. Alexandria Ocasio-Cortez called out oil executives for fighting legislation aimed at saving the planet from the climate crisis. https://t.co/O8xcr2nd51",2021-10-28 23:50:06+00:00,523,[]
1453869456757858305,CNN,"David Henderson, who organized the flight that crashed and left soccer player Emiliano Sala and pilot David Ibbotson dead, has been found guilty of endangering the safety of the aircraft, Cardiff Crown Court has confirmed https://t.co/cstdPRJYwJ",2021-10-28 23:41:04+00:00,174,[]
1453866947834224641,CNN,"Over 20 million people are under alerts for coastal flooding, including residents of Baltimore and Washington, DC, as a large and powerful low-pressure system shifts from the central US toward the Northeast. https://t.co/Ik9okscwTE",2021-10-28 23:31:06+00:00,148,[]
1453862927522582529,CNN,LBJ had a memo on climate change in 1965. @johnavlon with a brief history of climate change denial https://t.co/dbpoG5hP3e https://t.co/JnWrA2V0EK,2021-10-28 23:15:08+00:00,154,[]
1453858369585000450,CNN,"A criminal complaint alleging forcible touching, a sex crime, has been filed against former New York Gov. Andrew Cuomo in Albany, according to a copy of the complaint https://t.co/ZbsYqCh6sz",2021-10-28 22:57:01+00:00,147,[]
1453854600562454549,CNN,"House Democratic leaders were once again forced to push back the timeline for a vote on a $1 trillion infrastructure bill, a sign of ongoing divisions in the party and a major blow to Biden and party leaders eager to show they can deliver on their agenda https://t.co/4mTo2MQJgW",2021-10-28 22:42:02+00:00,190,[]
1453851597587587079,CNN,"Princess Diana‚Äôs radical act to speak up about eating disorders lessened stigma around the topic. Watch her open up about her own experience with bulimia in a new episode of the CNN Original Series #DianaCNN, Sunday at 9 p.m. ET/PT https://t.co/hiwaLXqd9Z",2021-10-28 22:30:06+00:00,530,"[{'text': 'DianaCNN', 'indices': [198, 207]}]"
1453846827330060291,CNN,"This $680,000 hoverbike is now for sale. The ""XTURISMO Limited Edition"" uses a combustion engine and four battery-powered motors to hover at speeds of around 60 miles per hour. https://t.co/QWLcH4wQsb https://t.co/UfuiLbyy4D",2021-10-28 22:11:09+00:00,510,[]
1453843611632775190,CNN,As families across the country deal with wide ranging impacts of the congested supply chain ‚Äî from delayed furniture to rising car prices ‚Äî others are facing a more acute problem: finding enough to eat. https://t.co/MkRIDnxw0F,2021-10-28 21:58:22+00:00,105,[]
1453840476939894791,CNN,"Halloween weekend looks dry for most across the US, although some may be saying ""brrr"" instead of ""boo."" Some trick-or-treaters may need a rain jacket to accompany their costumes, while others may need snow boots. https://t.co/5m6ANtoNRt",2021-10-28 21:45:55+00:00,118,[]
1453836503633780740,CNN,"Good evening. These are the top stories from the CNN 5 Things podcast:

‚úîÔ∏è Facebook changes its name to Meta
‚úîÔ∏è President Biden proposes $1.75T economic agenda
‚úîÔ∏è Jan. 6 panel weighs criminal contempt charges against Mark Meadows 

https://t.co/kZGaOyzRgA",2021-10-28 21:30:08+00:00,106,[]
1453831546461425669,CNN,"Facebook is changing its corporate name to Meta as it shifts its focus to the ""metaverse"" and confronts wide-ranging scrutiny of the real-world harms from its various platforms after a whistleblower leaked hundreds of internal documents. https://t.co/AhD3a3Pcgm https://t.co/Y2Fkky8VLS",2021-10-28 21:10:26+00:00,512,[]
1453829201841229829,CNN,"A misdemeanor complaint alleging a sex crime has been filed against former New York Gov. Andrew Cuomo, who resigned from his post after multiple women came forward alleging inappropriate touching. https://t.co/QdlLcvnSX5",2021-10-28 21:01:07+00:00,104,[]
1453824179229310977,CNN,"Activision Blizzard CEO Bobby Kotick has asked the company's board to slash his pay to the ""lowest amount California law will allow"" until the gaming company fixes its issues with gender discrimination and harassment, he said in a letter to employees https://t.co/4V9frdyy1h",2021-10-28 20:41:09+00:00,340,[]
1453821397265010691,CNN,"‚ÄúTheir profit motive is directly tied to keeping people engaged on these sites ‚Äî even when the content is dangerous.‚Äù 

On The Handoff: The Facebook papers and the future of social media.

Listen now. üéß https://t.co/KDPc2UMNq1",2021-10-28 20:30:06+00:00,61,[]
1453816392743063553,CNN,"A senior US general says China is developing capabilities at a ""stunning"" pace and calls on the US and its allies to partner against threats https://t.co/2Eaqhhla1q",2021-10-28 20:10:13+00:00,356,[]
1453813869097492481,CNN,"A dramatic collapse on an airplane, an investigation, knocking on the door of an alleged assassin... 

@ClarissaWard's reporting on the poisoning of Alexey Navalny sounds like a spy novel but it's all true. 

Hear the story on this week's podcast. https://t.co/W3eOzhfWM9",2021-10-28 20:00:11+00:00,114,[]
1453811288086306816,CNN,Citigroup has told staff that US-based employees will be required to get fully vaccinated if they want to stay employed https://t.co/VB7uoouqyO,2021-10-28 19:49:56+00:00,571,[]
1453808230761705483,CNN,"Former first lady Michelle Obama will be guest starring in an episode of ABC's sitcom ""black-ish"" https://t.co/KSax4M1TJg",2021-10-28 19:37:47+00:00,1161,[]
1453804052849078281,CNN,"""The 'Rust' shooting has rekindled conversations in the entertainment industry about possibly putting an end to real guns on sets,"" writes @brianstelter | Analysis https://t.co/1qe52Y1xu8",2021-10-28 19:21:11+00:00,150,[]
1453800960246099969,CNN,A New York couple has been sentenced to prison after being convicted in last summer's assault of a Sesame Place employee that prosecutors said happened hours after the victim tried to enforce the theme park's face mask policy. https://t.co/V2pbGDAusB,2021-10-28 19:08:53+00:00,327,[]
1453795864133226499,CNN,"This dinosaur was brought to life using CGI for a UN agency's new campaign about the effects of fossil fuel subsidies. It's voiced by multiple celebrities in various languages, including actor Jack Black. https://t.co/8ImmFPbxhE https://t.co/CggdsF5LAY",2021-10-28 18:48:38+00:00,604,[]
1453792446903635968,CNN,JUST IN: Facebook is changing its company name to Meta as it confronts wide-ranging scrutiny of the real-world harms from its various platforms after a whistleblower leaked hundreds of internal documents. https://t.co/WfMHOxZO3y,2021-10-28 18:35:04+00:00,1520,[]
1453791217771327494,CNN,"When Sallie Kuria moved from Kenya to Germany in 2010, she met Klaus M√ºller, who worked in an airplane hangar. The day Klaus took Sallie flying marked the beginning of their love story. https://t.co/NxYXQO0AJJ",2021-10-28 18:30:11+00:00,113,[]
1453787429404565507,CNN,The House Select committee is growing increasingly frustrated with former White House chief of staff Mark Meadows‚Äô lack of cooperation in the probe https://t.co/MhrVtZniNT,2021-10-28 18:15:07+00:00,207,[]
1453783745266335753,CNN,"A prominent venture capitalist is under fire for calling new dads ""losers"" if they take months of paternity leave. https://t.co/fWnpv7m7gQ",2021-10-28 18:00:29+00:00,389,[]
1453783738106658819,CNN,Brooklyn's first supertall skyscraper officially reaches its full height. https://t.co/tojy3QtGP9,2021-10-28 18:00:27+00:00,141,[]
1453781121209192452,CNN,"Rates of Covid-19 cases, hospitalizations and deaths have sunk significantly in the US since a wave driven by the highly contagious Delta variant peaked in September. https://t.co/gqXMg6ltkn",2021-10-28 17:50:03+00:00,176,[]
1453779201094529032,CNN,"One person is dead as a result of extreme weather in Jackson County, Mississippi, Wednesday night. https://t.co/9CPVFau0OM",2021-10-28 17:42:26+00:00,107,[]
1453772328089931792,CNN,The great-grandson of the legendary Sitting Bull has been confirmed as his closest living relative using an innovative new DNA technique applied to hair taken from the Native American leader's scalp lock. https://t.co/crv5ziJfaT,2021-10-28 17:15:07+00:00,782,[]
1453768196989890562,CNN,Two families whose loved ones were killed when a helicopter carrying Kobe Bryant and others crashed on a California hillside have reached a tentative settlement over allegedly leaked photos of the scene. https://t.co/7ssRZmBlAN,2021-10-28 16:58:42+00:00,168,[]
1453760444410310661,CNN,"Remains found in a San Bernardino County desert earlier this month belong to Lauren Cho, who went missing in June, authorities said in a news release. https://t.co/yr6IyTshoH",2021-10-28 16:27:54+00:00,499,[]
1453758473892663297,CNN,"From the CNN 5 Things podcast, these are your top stories:

‚úîÔ∏è Biden unveils $1.75T framework for social agenda
‚úîÔ∏è Survey: 27% of parents will immediately give kids Covid-19 shot
‚úîÔ∏è Fossil fuel execs to testify about disinformation and climate 

https://t.co/kfDteqCNKO",2021-10-28 16:20:04+00:00,87,[]
1453757233356017670,CNN,"So, the world is getting a McRib NFT https://t.co/l2LGcK42zQ",2021-10-28 16:15:08+00:00,100,[]
1453757231263109126,CNN,"We know more about the surface of Mars than we do about the sea floor; just over 20% of the ocean bed has been mapped.

These underwater robots are helping to gather data more quickly, cheaply and sustainably. https://t.co/TrDGQ7MBXu",2021-10-28 16:15:08+00:00,125,[]
1453753484361277443,CNN,"Have you ever been banned from a social media site? Follow @LisaLing to find out why one militia leader was banned from all of them. Watch an all-new episode of #ThisIsLife, Sunday at 10 p.m. ET/PT https://t.co/ueFZFwJKuc",2021-10-28 16:00:14+00:00,86,"[{'text': 'ThisIsLife', 'indices': [161, 172]}]"
1453749903461687296,CNN,"Facebook is set to hold a product event on Thursday where it is expected to focus on its big bet on the ""metaverse"" and potentially reveal a new name for the company. https://t.co/XEY17OtOnL",2021-10-28 15:46:01+00:00,164,[]
1453745899650359305,CNN,The framework on President Joe Biden's $1.75 trillion economic and climate agenda calls for paying for the ambitious agenda in part by imposing a surcharge on corporate stock buybacks. https://t.co/Taweml5h5H,2021-10-28 15:30:06+00:00,202,[]
1453743873566691340,CNN,"Merriam-Webster has added 455 new words to the dictionary, including ""fluffernutter"" and ""dad bod."" https://t.co/lsg4TySYxk",2021-10-28 15:22:03+00:00,186,[]
1453738434527260674,CNN,"Are you having a ""bones or no bones"" kind of day? Noodle the pug will help you decide. https://t.co/PNUtzQFVXT",2021-10-28 15:00:26+00:00,378,[]
1453730854925062148,CNN,"A cheap, generically available anti-depressant may reduce the risk of severe Covid-19 disease by close to a third in people at high risk, researchers reported  https://t.co/8bt1c0kD28",2021-10-28 14:30:19+00:00,303,[]
1453723366662180877,CNN,"Today at 12p ET, @CNNBusiness presents Foreseeable Future: Housing Market Madness. Join @christineromans in conversation w/ @BarbaraCorcoran, @GlennKelman (Redfin CEO), @RyanAWms (Cadre Founder &amp; CEO) &amp; @Ddoctorow (https://t.co/eLP32yRAVA CEO). RSVP: https://t.co/roU1u0yic8 https://t.co/1ayo2ZUE4J",2021-10-28 14:00:34+00:00,88,[]
1453719479960096769,CNN,The great-grandson of the legendary Sitting Bull has been confirmed as his closest living relative using an innovative new DNA technique applied to hair taken from the Native American leader's scalp lock. https://t.co/mArsWIOnEl,2021-10-28 13:45:07+00:00,908,[]
1453719478529937409,CNN,"A prominent venture capitalist is under fire for calling new dads ""losers"" if they take months of paternity leave. https://t.co/5boJYyMFos",2021-10-28 13:45:07+00:00,705,[]
1453719461807132674,CNN,Christmas is going to be great for stores -- if their names are Walmart or Target. https://t.co/65eilWTrbh,2021-10-28 13:45:03+00:00,181,[]
1453715716662829057,CNN,"Nearly 1,000 of Florida's beloved manatees have died this year as toxic algae blooms choke off their food source. https://t.co/JX4XhlSUTV",2021-10-28 13:30:10+00:00,237,[]
1453711945928953865,CNN,"Taiwan's President Tsai Ing-wen tells CNN the threat from China is increasing ""every day,"" and confirms US troops are training military on the island https://t.co/s3Z0h2tYd7",2021-10-28 13:15:11+00:00,309,[]
1453708235882569730,CNN,Public health groups worry threats to local officials could escalate as US plans vaccine rollout for kids https://t.co/orfAaqGxPW,2021-10-28 13:00:26+00:00,118,[]
1453705723569922051,CNN,"RT @NewDay: Just In: The US economy grew at an annualized rate of only 2% in the third quarter, far lower than the 2.7% economists had pred‚Ä¶",2021-10-28 12:50:27+00:00,0,[]
1453704365353668609,CNN,Virginia is primed to elect a woman of color as its next lieutenant governor at a time when the commonwealth is facing a series of challenges that directly affect its Black and brown communities. https://t.co/LNoN4qTndM,2021-10-28 12:45:03+00:00,441,[]
1453700856159801344,CNN,Google says it is rolling out a tool that lets parents and kids under the age of 18 request photos be removed from its images tab or no longer appear as thumbnails in a search inquiry. https://t.co/tX3Mm6Ncud,2021-10-28 12:31:07+00:00,246,[]
1453696826864021505,CNN,"When Sallie Kuria moved from Kenya to Germany in 2010, she met Klaus M√ºller, who worked in an airplane hangar. The day Klaus took Sallie flying marked the beginning of their love story. https://t.co/ZMpbSrnAZQ",2021-10-28 12:15:06+00:00,178,[]
1453693069702967299,CNN,Brooklyn's first supertall skyscraper officially reaches its full height. https://t.co/e8pXhzD9z0,2021-10-28 12:00:10+00:00,160,[]
1453689283219492869,CNN,"What do you know about American militias? Join @LisaLing to learn why private militias have come so far from the original constitutional militia. Watch an all-new episode of #ThisIsLife, Sunday at 10 p.m. ET/PT https://t.co/1E1mEKhe1J",2021-10-28 11:45:08+00:00,152,"[{'text': 'ThisIsLife', 'indices': [174, 185]}]"
1453685523734835203,CNN,Americans are already dealing with sticker shock at the grocery store and when filling up at the pump. Next up -- home heating bills. https://t.co/Wr4QVt4a6h,2021-10-28 11:30:11+00:00,284,[]
1453681746340425732,CNN,Lawmakers and diplomats say the lack of confirmed ambassadors ahead of a key foreign trip will handicap Biden in his ability to perform on the world stage. https://t.co/cNPUJoDqy1,2021-10-28 11:15:11+00:00,188,[]
1453678004299784195,CNN,"Today at 12p ET, @CNNBusiness presents Foreseeable Future: Housing Market Madness. Join @christineromans in conversation w/ @BarbaraCorcoran, @GlennKelman (Redfin CEO), @RyanAWms (Cadre Founder &amp; CEO) &amp; @Ddoctorow (https://t.co/eLP32yA042 CEO). RSVP: https://t.co/voAKrL60pf https://t.co/Yp1JIR900b",2021-10-28 11:00:18+00:00,45,[]
1453674181938356224,CNN,Leona Maguire -- the 26-year-old who shocked the golf world as an unbeaten Solheim Cup rookie -- is being touted as the next big thing. https://t.co/ajjKWkThxA,2021-10-28 10:45:07+00:00,96,[]
1453670656441266178,CNN,"""Boris Johnson thinks he doesn't need business -- it's a huge gamble."" | Analysis by CNN's @lukemcgee https://t.co/4GwErpSBJs",2021-10-28 10:31:07+00:00,128,[]
1453666614222729224,CNN,"Merriam-Webster has added 455 new words to the dictionary, including ""fluffernutter"" and ""dad bod."" https://t.co/edecGfC9ZV",2021-10-28 10:15:03+00:00,233,[]
1453663110322135043,CNN,"Several homes in Lake Charles, Louisiana, were damaged after a tornado swept through the area that is still recovering from recent disasters. https://t.co/38ivII42tN",2021-10-28 10:01:07+00:00,117,[]
1453659070288863236,CNN,"Human activity and climate change-fueled disasters have turned 10 of the planet's internationally recognized forests, also known as World Heritage sites, from carbon absorbers into carbon emitters, researchers have found. https://t.co/FU1Bnxiptg",2021-10-28 09:45:04+00:00,197,[]
1453655329942736896,CNN,"Are you having a ""bones or no bones"" kind of day? Noodle the pug will help you decide. https://t.co/BO2XwsDQBz",2021-10-28 09:30:12+00:00,303,[]
1453651526623301634,CNN,"Nearly 1,000 of Florida's beloved manatees have died this year as toxic algae blooms choke off their food source. https://t.co/ZBl1PwmEQi",2021-10-28 09:15:06+00:00,204,[]
1453647776206688261,CNN,"Three teenagers from Florida will be charged as adults in the death of a fellow high school student who police say was found badly beaten, stabbed, and hidden in some bushes in his apartment complex. https://t.co/Ao615JftBS",2021-10-28 09:00:11+00:00,276,[]
1453647737757388805,CNN,"""It's terrifying being a woman after dark."" 

After incidents of gender-based violence, the onus is often on women to change their behaviors to stay safe. We asked women about their experiences and the responses were eerily similar. @bianca_nobilo reports https://t.co/nIviNHT4t5 https://t.co/PoegOrmnk3",2021-10-28 09:00:02+00:00,245,[]
1453643977232629760,CNN,"JUST IN: French authorities stopped and fined two British vessels fishing in French waters, diverting one to a French port, the French Minister for the Sea Annick Girardin tweeted. https://t.co/XiQ6ZT1Mqz",2021-10-28 08:45:06+00:00,156,[]
1453640188912091139,CNN,Crews are working to restore power to hundreds of thousands of New Englanders after a powerful nor'easter dumped heavy rain and downed power lines. https://t.co/50FjHbGE5P,2021-10-28 08:30:03+00:00,125,[]
1453637583003652100,CNN,The Biden administration's most senior intelligence officials defended their push to boost diversity in the ranks of the intelligence community in a congressional hearing https://t.co/YHsU8ewtBB,2021-10-28 08:19:41+00:00,173,[]
1453634407957516288,CNN,Progressives reeling after moderates inflict savage new blow to spending bill | Analysis by @StCollinson https://t.co/nfxVmuDvQz https://t.co/1VqoDxqeeK,2021-10-28 08:07:04+00:00,232,[]
1453631134072455170,CNN,Costco told employees last week that it would increase its minimum wage from $16 an hour to $17 starting on Monday https://t.co/ex83kAhqJs,2021-10-28 07:54:04+00:00,2536,[]
1453630418096361472,CNN,RT @bianca_nobilo: Following incidents of gender based violence- the conversation needs to change. Here's why: https://t.co/60UzAOYwFN,2021-10-28 07:51:13+00:00,0,[]
1453630141322629125,CNN,"The world's biggest Triceratops fossil ever found, a 66-million-year-old skeleton affectionately dubbed ""Big John,"" has sold for ‚Ç¨6.6 million ($7.7 million) ‚Äî smashing its high auction estimate of ‚Ç¨1.5 million ($1.7 million). https://t.co/o53gl1sU3o https://t.co/WmFZGNYvDo",2021-10-28 07:50:07+00:00,237,[]
1453629879304527875,CNN,Google says it is rolling out a tool that lets parents and kids under the age of 18 request photos be removed from its images tab or no longer appear as thumbnails in a search inquiry. https://t.co/ZlOqjQcUkZ,2021-10-28 07:49:05+00:00,138,[]
1453629373597339650,CNN,"Human activity and climate change-fueled disasters have turned 10 of the planet's internationally recognized forests, also known as World Heritage sites, from carbon absorbers into carbon emitters, researchers have found. https://t.co/w5QhYhmjXR",2021-10-28 07:47:04+00:00,114,[]
1453629370539683842,CNN,"Cigarette sales in America last year rose for the first time in two decades, a new report from the Federal Trade Commission says.

It was only a slight 0.4% increase, but it marks a surprise reversal of a long-running downward trend. https://t.co/yHqFU6n0U3",2021-10-28 07:47:03+00:00,102,[]
1453628890358984705,CNN,"The iPod was the hottest gadget of the early aughts. Now, it's mostly a nostalgic novelty device. Here's a look back at the rise of the little device that changed music forever. https://t.co/ayt9o0i4YQ https://t.co/A148nxmdsl",2021-10-28 07:45:09+00:00,165,[]
1453628889654255616,CNN,These electric robots are mapping the bottom of the ocean https://t.co/hyjoQUc5SD https://t.co/jigUJc0Q18,2021-10-28 07:45:09+00:00,156,[]
1453628624633044993,CNN,"A cheap, generically available anti-depressant may reduce the risk of severe Covid-19 disease by close to a third in people at high risk, researchers reported  https://t.co/ZthX2LnLcu",2021-10-28 07:44:05+00:00,341,[]
1453628124479074304,CNN,"Land Rover is unveiling what will be the first new, redesigned Range Rover in a decade. It's due to go into production next year as only the fifth generation of the large off-road luxury SUV since the model line was introduced in 1970. https://t.co/hAQlnITe0d https://t.co/svS96SYWjQ",2021-10-28 07:42:06+00:00,244,[]
1453623835392106496,CNN,President Joe Biden departs this week on his second foreign trip under markedly different circumstances than his first https://t.co/vAoWdkhsRj,2021-10-28 07:25:04+00:00,128,[]
1453619057857601539,CNN,A Marine who died in World War II was finally laid to rest in Arlington National Cemetery Wednesday after his remains had been unaccounted for since his death at 19. https://t.co/sbmMOEmUcA,2021-10-28 07:06:04+00:00,568,[]
1453614530664275968,CNN,"A stately villa in the heart of Rome, which houses the world's only ceiling mural by the Italian painter Caravaggio, will be auctioned at a starting price of $547 million in January, a court in Rome has confirmed https://t.co/yPLlFkdM0F",2021-10-28 06:48:05+00:00,221,[]
1453612385504223232,CNN,How Facebook's ranking system can bring out the worst in people https://t.co/JPtyjTfKr7,2021-10-28 06:39:34+00:00,108,[]
1453609794124800000,CNN,Rescuers repeatedly called a hiker lost in the Colorado mountains. He later told them he ignored their calls because it was from an unknown number. https://t.co/ptfgzxOpGQ,2021-10-28 06:29:16+00:00,366,[]
1453607215609352197,CNN,"In Rome, a team of conservators is trying to salvage the city's treasures by using a new technology that employs one of the oldest forms of life: bacteria. https://t.co/oNXR7TMmPJ https://t.co/x23lvvXAb0",2021-10-28 06:19:01+00:00,206,[]
1453604559222415360,CNN,"A gigantic bronze statue of Harambe, a gorilla that was shot dead at the Cincinnati Zoo in 2016, was installed on Tuesday in front of Facebook's headquarters in California before it was quickly removed. https://t.co/CV4JlwU0pb",2021-10-28 06:08:28+00:00,272,[]
1453601265615781890,CNN,"""I'm a footballer and I'm gay.""

Australian professional footballer Josh Cavallo announced that he is gay in a video message released by his A-League club Adelaide United. https://t.co/hjWSWVdBOm https://t.co/ixZOKsJg8A",2021-10-28 05:55:22+00:00,618,[]
1453598657790365697,CNN,"Since their discovery, the ancestry of hundreds of mummified bodies buried in boats in an inhospitable desert region of northwest China has puzzled and divided archaeologists. https://t.co/0qleVahZfv",2021-10-28 05:45:01+00:00,274,[]
1453594752213991426,CNN,"Scientists may have detected signs of a planet transiting a star outside of the Milky Way, in what could be the first planet ever to be discovered outside our galaxy. https://t.co/EyHqWvXbek https://t.co/mWDneL2nNQ",2021-10-28 05:29:30+00:00,820,[]
1453591371047219201,CNN,"The creation of a federal Medicaid expansion program is likely not going to be in the Democrats' social safety net package. Lawmakers are discussing a plan to subsidize private insurance on ACA exchanges for those in the coverage gap, Sen. Baldwin says. https://t.co/bs9PvEODow",2021-10-28 05:16:03+00:00,79,[]
1453589605022945283,CNN,"""As Joe Biden heads to Europe, he is taking with him a significant chance to reclaim American leadership on what is perhaps the world's biggest priority ‚Äî climate change,"" writes @DavidAndelman for @CNNOpinion https://t.co/jzUpfghKm0",2021-10-28 05:09:02+00:00,300,[]
1453588266947694594,CNN,"""For a defendant to have a fair trial, there are loaded terms that should never be used in a courtroom. ... But the word 'victim' is not one of them,"" writes @thelauracoates for @CNNOpinion https://t.co/MGtbTswEb3",2021-10-28 05:03:43+00:00,265,[]
1453584183318691843,CNN,"The men shot by Kyle Rittenhouse in August 2020 can potentially be referred to at his trial as ""rioters"" or ""looters,"" a Wisconsin judge said Monday while reiterating his long-held view that attorneys should not use the word ""victim."" https://t.co/usyUJyc5Du",2021-10-28 04:47:30+00:00,426,[]
1453580012993622022,CNN,"The good news is that few economists believe that the current run-up in housing prices is a bubble that's about to burst, taking the economy down with it.

The bad news is that practically no one was worried about the housing bubble in 2007, either. https://t.co/Zm9wyG28ca",2021-10-28 04:30:55+00:00,210,[]
1453577057254920194,CNN,"The White House is preparing to roll out a slate of executive actions and federal regulations to help Pres. Biden hit his ambitious climate goals as negotiations continue to stall in Congress, two people who attended a Monday meeting with WH officials say https://t.co/X5lXJCTpU0",2021-10-28 04:19:11+00:00,358,[]
1453576522388885506,CNN,"As part of a yearly tradition, the mayors of the two World Series participants have a wager.

The losing mayor, be it Houston's Sylvester Turner or Atlanta's Keisha Lance Bottoms, will have to wear a jersey of the winning team for a day. But there's more. https://t.co/v5GWf9IRGN",2021-10-28 04:17:03+00:00,138,[]
1453575889204224005,CNN,"The Supreme Court received a flood of legal briefs Wednesday concerning Texas' six-week abortion ban, which has rendered Roe v. Wade a dead letter in the country's second largest state, in advance of next week's oral arguments. https://t.co/lrUTCiF9pb",2021-10-28 04:14:32+00:00,112,[]
1453573266447142914,CNN,West Virginia Sen. Joe Manchin's long-standing financial ties to the coal industry are facing fresh scrutiny following his opposition to key elements of a sweeping climate and economic package that Democrats are scrambling to reach a deal on this week. https://t.co/3ihHmXnUI0,2021-10-28 04:04:07+00:00,2048,[]
1453571555770961920,CNN,"A California school safety officer has been charged with murder after fatally shooting an 18-year-old woman as she tried to flee a physical altercation, Los Angeles County District Attorney George Gascon said https://t.co/B3FgMmGQED",2021-10-28 03:57:19+00:00,209,[]
1453568716516569093,CNN,"The top US general said China's test of a hypersonic weapon over the summer was ""very concerning"" and that ""it has all of our attention."" https://t.co/4KOdnza3WA",2021-10-28 03:46:02+00:00,1033,[]
1453566599982686210,CNN,"The FDA announced that it has made several changes to breast implant regulations, including new labeling that includes a boxed warning and a patient checklist that will inform people that implants are not a medical device that will last a lifetime. https://t.co/NQ0iM1bBx3",2021-10-28 03:37:38+00:00,263,[]
1453564141877272577,CNN,"Federal prosecutors have pushed back against claims of mistreatment at a Washington, DC, jail where dozens of US Capitol rioters are being held https://t.co/GdKwTHH6bN",2021-10-28 03:27:51+00:00,241,[]
1453559910759862272,CNN,"Two crew members tell CNN that Hannah Gutierrez, 24, who was the lead armorer on the set of ""Rust,"" mishandled weapons on a previous film project. https://t.co/MbGcTSDgYP",2021-10-28 03:11:03+00:00,228,[]
1453558165321228288,CNN,"Like most automakers, Ford's earnings took a hit from the supply chain problems and computer chip shortage. But its third-quarter results were much better than Wall Street expected. Ford also raised its outlook for future earnings and restored its dividend https://t.co/b3hs2D5nDz",2021-10-28 03:04:07+00:00,118,[]
1453555425174081536,CNN,"In a settlement between Philadelphia and the family of Walter Wallace, the city says it will provide money for stun guns, such as Tasers, for every patrol officer in the Police Department. https://t.co/jFHwPjM5Ew",2021-10-28 02:53:13+00:00,98,[]
1453551110153805829,CNN,"""Think of the billionaire tax as the Tesla solution to Democrats' search for revenue to pay for their expansion of the social safety net ... if only they can convince Sen. Joe Manchin, the West Virginia Democrat."" | Analysis by @zbyronwolf https://t.co/zL5sSCoeST",2021-10-28 02:36:04+00:00,243,[]
1453547439781294082,CNN,Pfizer/BioNTech's Covid-19 vaccine that could soon be authorized for younger children still requires two shots given on the same schedule as the vaccine for adolescents and adults ‚Äî but the doses will be a third of the size. https://t.co/pFSM55vPFr,2021-10-28 02:21:29+00:00,253,[]
1453545321619812356,CNN,"RT @OutFrontCNN: ""I would have hoped that Sarah's death would have saved Halyna [Hutchins] but it didn't, and that hurts,"" says Richard Jon‚Ä¶",2021-10-28 02:13:04+00:00,0,[]
1453545075569532937,CNN,"Cryptocurrencies are usually characterized by wild price swings and extreme volatility. But stablecoins, as the name suggests, are intended to be stable in price. https://t.co/e2JH7sInfr",2021-10-28 02:12:06+00:00,84,[]
1453543105605423105,CNN,"RT @AC360: ‚ÄúWe don‚Äôt have an agreement yet on the framework,‚Äù says Dem. Rep. Pramila Jayapal about Pres. Biden‚Äôs proposal.  ‚ÄúI‚Äôm not sure w‚Ä¶",2021-10-28 02:04:16+00:00,0,[]
1453542974202138624,CNN,RT @AC360: Democratic Rep. Pramila Jayapal on Sens. Sinema and Manchin: ‚ÄúWe need to have the two of them come to agreement with the rest of‚Ä¶,2021-10-28 02:03:45+00:00,0,[]
1453540533402546180,CNN,"Turning up the heat this winter could lead to a spike in natural gas prices and potentially lower supplies, reports @MattEganCNN. Prices are already up 130% this year. https://t.co/V1Caaw4cR9 https://t.co/QA3BFNyIpD",2021-10-28 01:54:03+00:00,82,[]
1453540531477299203,CNN,"Taiwan's President Tsai Ing-wen tells CNN the threat from China is increasing ""every day,"" and confirms US troops are training military on the island https://t.co/4Dxkosikfo",2021-10-28 01:54:02+00:00,484,[]
1453539816809902082,CNN,Google says it is rolling out a tool that lets parents and kids under the age of 18 request photos be removed from its images tab or no longer appear as thumbnails in a search inquiry. https://t.co/cBkt2L4KC1,2021-10-28 01:51:12+00:00,254,[]
1453537261639843840,CNN,"Human activity and climate change-fueled disasters have turned 10 of the planet's internationally recognized forests, also known as World Heritage sites, from carbon absorbers into carbon emitters, researchers have found. https://t.co/rRPK9rL8Vv",2021-10-28 01:41:03+00:00,166,[]
1453535008216559631,CNN,"More than 12 million deaths all over the world are associated with environmental risk factors every year, according to Pan American Health Organization Assistant Director Jarbas Barbosa. https://t.co/8KccA6jedX",2021-10-28 01:32:05+00:00,113,[]
1453530728088719360,CNN,"Did the Kremlin poison opposition politician Alexey Navalny? @ClarissaWard knocks on the door of a Russian agent and alleged assassin to find out. 

Hear the story on her podcast, Tug of War. https://t.co/E7IGolGSbM",2021-10-28 01:15:05+00:00,82,[]
1453528469548175360,CNN,"Here's everything you need to know about the COP26 international climate talks in Glasgow, and what world leaders hope to achieve https://t.co/eXVBjfiPLE https://t.co/nu83GaoWWH",2021-10-28 01:06:07+00:00,81,[]
1453524482275041281,CNN,British environmental watchdogs have launched an investigation after thousands of dead sea creatures washed up on beaches in North East England. https://t.co/v9Gs7CSkUP,2021-10-28 00:50:16+00:00,137,[]
1453521082363809798,CNN,"Cigarette sales in America last year rose for the first time in two decades, a new report from the Federal Trade Commission says.

It was only a slight 0.4% increase, but it marks a surprise reversal of a long-running downward trend. https://t.co/UsKyRXywdv",2021-10-28 00:36:45+00:00,198,[]
1453518763874299912,CNN,"Democrats are expected to scrap paid family and medical leave from their cornerstone economic and climate package, discarding one of the central planks of President Biden's proposal as they scramble to strike a deal with holdout senators, sources say https://t.co/ru0CWq7gds",2021-10-28 00:27:33+00:00,246,[]
1453515644444479489,CNN,What do you think will be the cost of the new changes to voting laws? Dana Bash explores the impact in a new CNN Special Report ‚Äì Stop the Vote. Tonight at 9 p.m. ET https://t.co/cj6YwnEPkB,2021-10-28 00:15:09+00:00,118,[]
1453514367199232006,CNN,"Thursday at 12p ET, @CNNBusiness presents Foreseeable Future: Housing Market Madness. Join @christineromans in conversation w/ @BarbaraCorcoran, @GlennKelman (Redfin CEO), @RyanAWms (Cadre Founder &amp; CEO) &amp; @Ddoctorow (https://t.co/eLP32yA042 CEO). RSVP: https://t.co/ziKmjgzfvl https://t.co/VcF1orBqUP",2021-10-28 00:10:04+00:00,24,[]
1453512122260934666,CNN,"This week, a medicane is tearing through parts of Europe with torrential rain and flooding. https://t.co/fIyxxXFxGy",2021-10-28 00:01:09+00:00,105,[]
1453508089009815555,CNN,"‚ÄúEmotions are the story that your brain tells itself.‚Äù

Neuroscientist @LFeldmanBarrett talks to @DrSanjayGupta about why the way we think about emotion might be entirely wrong.¬†

Listen to the podcast. https://t.co/QgBYwzMdcq",2021-10-27 23:45:07+00:00,118,[]
1453504152647122949,CNN,"During ""Jimmy Kimmel Live,"" singer Olivia Rodrigo revealed that President Biden gave her a few gifts when she visited the White House: some M&amp;Ms, a pair of black aviator Ray Bans (the same ones he wears) and a shoehorn with a presidential emblem on it https://t.co/fzJlAld6WV",2021-10-27 23:29:29+00:00,3040,[]
